{"Fridge 1 Temperature": 13.0, "Fridge 2 Temperature": 12.65, "Fridge 3 Temperature": 12.65, "Garage Door 1": 0.0, "Garage Door 2": 0.0, "Garage Door 3": 1.0, "Weather 1 Temperature": 27.88900810866777, "Weather 2 Temperature": 29.40600460738731, "Weather 3 Temperature": 34.39010511164544, "Motion Light 1": 0.0, "Motion Light 2": 0.0, "Motion Light 3": 1.0}